product_id,name,slug,brand,model,sku,category,price,original_price,discount_percentage,currency,description,short_description,specifications_json,rating,review_count,stock,warranty,use_cases_json,tags_json,images_json,color_options_json,highlights_json,featured,created_at,updated_at
LAP-001,LuminaBook Pro 16 Ultimate,luminabook-pro-16-ultimate,Apple,LuminaBook Pro 16,SKU-LAP-001,Laptops,189999,199999,5,INR,"A premium 16-inch laptop engineered for creative professionals, software developers, and video editors. Featuring a high-fidelity Liquid Retina display and advanced silicon processing, it handles intensive rendering, multi-threaded coding, and virtualization workloads with ease, keeping energy consumption low.","Premium 16-inch display laptop configured for software engineers, designers, and creative directors needing high-power performance.","{""Processor"":""Apple M3 Pro (12-Core)"",""RAM"":""36 GB Unified"",""Storage"":""1 TB NVMe SSD"",""Display"":""16.2-inch Liquid Retina XDR"",""Graphics"":""Apple 18-Core GPU"",""Operating System"":""macOS Sonoma"",""Weight"":""2.14 kg"",""Battery"":""100 Wh"",""Connectivity"":""Wi-Fi 6E, Bluetooth 5.3""}",4.8,42,15,Limited 1-year warranty,"[""Coding"",""Video editing"",""3D design"",""Business""]","[""premium-laptop"",""m3-pro"",""coding"",""lightweight"",""macbook"",""1tb-ssd""]","[""/images/products/laptops/lap-001.webp""]","[""Space Grey"",""Silver""]","[""Liquid Retina XDR Display"",""Apple Silicon M3 Pro"",""Up to 22 Hours Battery Life""]",true,2026-07-01T10:00:00.000Z,2026-08-01T10:00:00.000Z
LAP-002,ShopSmart CreatorBook 14,shopsmart-creatorbook-14,ASUS,CreatorBook 14,SKU-LAP-002,Laptops,84999,92999,9,INR,"An elegant 14-inch laptop tailored for students, content creators, and remote professionals. The high-resolution OLED screen offers exceptional color accuracy, making it ideal for photo editing and media production, while the efficient processor ensures smooth daily multitasking.","Compact 14-inch OLED laptop ideal for graphic design, academic research, and travel-oriented productivity.","{""Processor"":""Intel Core Ultra 7"",""RAM"":""16 GB LPDDR5X"",""Storage"":""512 GB PCIe Gen4 SSD"",""Display"":""14-inch 2.8K OLED 120Hz"",""Graphics"":""Intel Arc Graphics"",""Operating System"":""Windows 11 Home"",""Weight"":""1.39 kg"",""Battery"":""75 Wh"",""Connectivity"":""Wi-Fi 6E, Bluetooth 5.3""}",4.5,88,22,1 year,"[""College"",""Office work"",""Graphic design"",""Travel""]","[""oled-display"",""lightweight"",""intel-arc"",""productivity"",""travel-ready""]","[""/images/products/laptops/lap-002.webp""]","[""Pine Grey"",""Celadon Blue""]","[""2.8K 120Hz OLED Panel"",""Intel Core Ultra Power"",""Ultralight Chassis""]",true,2026-07-02T09:00:00.000Z,2026-08-02T12:00:00.000Z
LAP-003,Dell Inspiron 15 Student Edition,dell-inspiron-15-student-edition,Dell,Inspiron 15,SKU-LAP-003,Laptops,48999,54999,11,INR,"A practical and reliable 15.6-inch laptop configured for students, office users, and entry-level developers. Its 16GB memory supports multitasking across tabs, while the 512GB solid-state drive provides sufficient local storage for coursework, documents, and code repositories.",Reliable 15.6-inch office and college laptop with a full-size keyboard and balanced performance specifications.,"{""Processor"":""AMD Ryzen 5 7530U"",""RAM"":""16 GB DDR4"",""Storage"":""512 GB NVMe SSD"",""Display"":""15.6-inch Full HD WVA"",""Graphics"":""AMD Radeon Graphics"",""Operating System"":""Windows 11 Home"",""Weight"":""1.68 kg"",""Battery"":""54 Wh"",""Connectivity"":""Wi-Fi 6, Bluetooth 5.2""}",4.1,156,45,1 year,"[""College"",""Office work"",""Coding""]","[""student-laptop"",""budget-friendly"",""full-size-keyboard"",""ryzen-powered""]","[""/images/products/laptops/lap-003.webp""]","[""Platinum Silver"",""Carbon Black""]","[""ComfortView Display Tech"",""AMD Ryzen Processor"",""Fast Charging Support""]",false,2026-07-03T11:00:00.000Z,2026-08-03T10:00:00.000Z
LAP-004,ThinkPad T14 Enterprise Workhorse,thinkpad-t14-enterprise-workhorse,Lenovo,ThinkPad T14 Gen 4,SKU-LAP-004,Laptops,112000,,,INR,"The standard choice for corporate deployments and professional software development. This laptop features robust military-grade durability, the iconic tactile keyboard, dual hardware security modules, and exceptional thermal performance for long coding sessions.",Durable 14-inch professional business laptop with superior keyboard acoustics and hardware security features.,"{""Processor"":""Intel Core i5-1340P"",""RAM"":""16 GB DDR5 (Upgradeable)"",""Storage"":""512 GB PCIe Gen4 SSD"",""Display"":""14-inch WUXGA IPS Anti-Glare"",""Graphics"":""Intel UHD Graphics"",""Operating System"":""Windows 11 Pro"",""Weight"":""1.37 kg"",""Battery"":""52.5 Wh"",""Connectivity"":""Wi-Fi 6E, Bluetooth 5.1""}",4.6,37,12,3 years,"[""Coding"",""Office work"",""Business"",""Travel""]","[""business-laptop"",""thinkpad"",""durable"",""windows-pro"",""coding""]","[""/images/products/laptops/lap-004.webp""]","[""Thunder Black""]","[""MIL-STD 810H Certified"",""Tactile Keyboard with TrackPoint"",""dTPM 2.0 Security Chip""]",false,2026-07-04T08:00:00.000Z,2026-08-04T09:00:00.000Z
LAP-005,ROG Strix Scar 16 Elite Gaming,rog-strix-scar-16-elite-gaming,ASUS,ROG Strix Scar 16,SKU-LAP-005,Laptops,245000,255000,4,INR,"An absolute powerhouse designed for AAA gaming and 3D modeling. Powered by Intel flagship processing and dedicated graphics, it features advanced liquid metal cooling, a high refresh rate display, and customizable RGB accents to complete the ultimate gaming station setup.",High-end gaming laptop containing top-tier dedicated graphics and a ultra-smooth 240Hz refresh rate display panel.,"{""Processor"":""Intel Core i9-14900HX"",""RAM"":""32 GB DDR5 Dual-Channel"",""Storage"":""2 TB PCIe Gen4 SSD"",""Display"":""16-inch QHD+ 240Hz ROG Nebula"",""Graphics"":""NVIDIA GeForce RTX 4080 (12GB)"",""Operating System"":""Windows 11 Home"",""Weight"":""2.65 kg"",""Battery"":""90 Wh"",""Connectivity"":""Wi-Fi 7, Bluetooth 5.4""}",4.9,29,8,2 years,"[""Gaming"",""Video editing"",""3D design""]","[""gaming-laptop"",""rtx-4080"",""i9-processor"",""240hz-display"",""2tb-ssd""]","[""/images/products/laptops/lap-005.webp""]","[""Eclipse Gray""]","[""RTX 4080 Desktop Grade GPU"",""240Hz ROG Nebula Display"",""Tri-Fan Thermal Technology""]",true,2026-07-05T14:00:00.000Z,2026-08-05T11:00:00.000Z
LAP-006,HP EliteBook V6,hp-elitebook-v6,HP,EliteBook V6,SKU-LAP-006,Laptops,72000,76000,5,INR,"A standard multi-purpose laptop designed for corporate business tasking, spreadsheet editing, and online conferencing. It delivers a balanced computing architecture with a processor running 16 GB DDR5 memory and a responsive 512 GB NVMe SSD for user storage.",Reliable HP laptop running a solid processor with 16 GB DDR5 and 512 GB NVMe SSD for general work.,"{""Processor"":""Intel Core i7"",""RAM"":""16 GB DDR5"",""Storage"":""512 GB NVMe SSD"",""Display"":""15.6-inch Anti-Glare Full HD"",""Graphics"":""Integrated Mobile Graphics"",""Operating System"":""Windows 11 Home"",""Weight"":""1.75 kg"",""Battery"":""45 Wh"",""Connectivity"":""Wi-Fi 6, Bluetooth 5.1""}",4.4,39,30,1 year,"[""College"",""Office work"",""Coding""]","[""laptop"",""productivity"",""office-work"",""windows-laptop""]","[""/images/products/laptops/lap-006.webp""]",,,false,2026-07-06T10:00:00.000Z,2026-08-01T10:00:00.000Z
LAP-007,Lenovo EliteBook V7,lenovo-elitebook-v7,Lenovo,EliteBook V7,SKU-LAP-007,Laptops,76500,80500,5,INR,"A standard multi-purpose laptop designed for corporate business tasking, spreadsheet editing, and online conferencing. It delivers a balanced computing architecture with a processor running 32 GB DDR5 memory and a responsive 1 TB NVMe SSD for user storage.",Reliable Lenovo laptop running a solid processor with 32 GB DDR5 and 1 TB NVMe SSD for general work.,"{""Processor"":""AMD Ryzen 7"",""RAM"":""32 GB DDR5"",""Storage"":""1 TB NVMe SSD"",""Display"":""15.6-inch Anti-Glare Full HD"",""Graphics"":""Integrated Mobile Graphics"",""Operating System"":""Windows 11 Home"",""Weight"":""1.75 kg"",""Battery"":""45 Wh"",""Connectivity"":""Wi-Fi 6, Bluetooth 5.1""}",4.5,43,30,1 year,"[""College"",""Office work"",""Coding""]","[""laptop"",""productivity"",""office-work"",""windows-laptop""]","[""/images/products/laptops/lap-007.webp""]",,,false,2026-07-06T10:00:00.000Z,2026-08-01T10:00:00.000Z
LAP-008,Dell EliteBook V8,dell-elitebook-v8,Dell,EliteBook V8,SKU-LAP-008,Laptops,81000,85000,5,INR,"A standard multi-purpose laptop designed for corporate business tasking, spreadsheet editing, and online conferencing. It delivers a balanced computing architecture with a processor running 8 GB DDR4 memory and a responsive 512 GB NVMe SSD for user storage.",Reliable Dell laptop running a solid processor with 8 GB DDR4 and 512 GB NVMe SSD for general work.,"{""Processor"":""Intel Core i5"",""RAM"":""8 GB DDR4"",""Storage"":""512 GB NVMe SSD"",""Display"":""15.6-inch Anti-Glare Full HD"",""Graphics"":""Integrated Mobile Graphics"",""Operating System"":""Windows 11 Home"",""Weight"":""1.75 kg"",""Battery"":""45 Wh"",""Connectivity"":""Wi-Fi 6, Bluetooth 5.1""}",4.6,47,30,1 year,"[""College"",""Office work"",""Coding""]","[""laptop"",""productivity"",""office-work"",""windows-laptop""]","[""/images/products/laptops/lap-008.webp""]",,,false,2026-07-06T10:00:00.000Z,2026-08-01T10:00:00.000Z
LAP-009,ASUS EliteBook V9,asus-elitebook-v9,ASUS,EliteBook V9,SKU-LAP-009,Laptops,85500,89500,4,INR,"A standard multi-purpose laptop designed for corporate business tasking, spreadsheet editing, and online conferencing. It delivers a balanced computing architecture with a processor running 16 GB DDR4 memory and a responsive 1 TB NVMe SSD for user storage.",Reliable ASUS laptop running a solid processor with 16 GB DDR4 and 1 TB NVMe SSD for general work.,"{""Processor"":""AMD Ryzen 5"",""RAM"":""16 GB DDR4"",""Storage"":""1 TB NVMe SSD"",""Display"":""15.6-inch Anti-Glare Full HD"",""Graphics"":""Integrated Mobile Graphics"",""Operating System"":""Windows 11 Home"",""Weight"":""1.75 kg"",""Battery"":""45 Wh"",""Connectivity"":""Wi-Fi 6, Bluetooth 5.1""}",4.7,51,30,1 year,"[""College"",""Office work"",""Coding""]","[""laptop"",""productivity"",""office-work"",""windows-laptop""]","[""/images/products/laptops/lap-009.webp""]",,,false,2026-07-06T10:00:00.000Z,2026-08-01T10:00:00.000Z
LAP-010,MSI EliteBook V10,msi-elitebook-v10,MSI,EliteBook V10,SKU-LAP-010,Laptops,90000,94000,4,INR,"A standard multi-purpose laptop designed for corporate business tasking, spreadsheet editing, and online conferencing. It delivers a balanced computing architecture with a processor running 16 GB DDR5 memory and a responsive 512 GB NVMe SSD for user storage.",Reliable MSI laptop running a solid processor with 16 GB DDR5 and 512 GB NVMe SSD for general work.,"{""Processor"":""Intel Core i7"",""RAM"":""16 GB DDR5"",""Storage"":""512 GB NVMe SSD"",""Display"":""15.6-inch Anti-Glare Full HD"",""Graphics"":""Integrated Mobile Graphics"",""Operating System"":""Windows 11 Home"",""Weight"":""1.75 kg"",""Battery"":""45 Wh"",""Connectivity"":""Wi-Fi 6, Bluetooth 5.1""}",3.8,55,0,1 year,"[""College"",""Office work"",""Coding""]","[""laptop"",""productivity"",""office-work"",""windows-laptop""]","[""/images/products/laptops/lap-010.webp""]",,,false,2026-07-06T10:00:00.000Z,2026-08-01T10:00:00.000Z
LAP-011,Acer EliteBook V11,acer-elitebook-v11,Acer,EliteBook V11,SKU-LAP-011,Laptops,94500,98500,4,INR,"A standard multi-purpose laptop designed for corporate business tasking, spreadsheet editing, and online conferencing. It delivers a balanced computing architecture with a processor running 32 GB DDR5 memory and a responsive 1 TB NVMe SSD for user storage.",Reliable Acer laptop running a solid processor with 32 GB DDR5 and 1 TB NVMe SSD for general work.,"{""Processor"":""AMD Ryzen 7"",""RAM"":""32 GB DDR5"",""Storage"":""1 TB NVMe SSD"",""Display"":""15.6-inch Anti-Glare Full HD"",""Graphics"":""Integrated Mobile Graphics"",""Operating System"":""Windows 11 Home"",""Weight"":""1.75 kg"",""Battery"":""45 Wh"",""Connectivity"":""Wi-Fi 6, Bluetooth 5.1""}",3.9,59,30,1 year,"[""College"",""Office work"",""Coding""]","[""laptop"",""productivity"",""office-work"",""windows-laptop""]","[""/images/products/laptops/lap-011.webp""]",,,false,2026-07-06T10:00:00.000Z,2026-08-01T10:00:00.000Z
LAP-012,HP EliteBook V12,hp-elitebook-v12,HP,EliteBook V12,SKU-LAP-012,Laptops,99000,103000,4,INR,"A standard multi-purpose laptop designed for corporate business tasking, spreadsheet editing, and online conferencing. It delivers a balanced computing architecture with a processor running 8 GB DDR4 memory and a responsive 512 GB NVMe SSD for user storage.",Reliable HP laptop running a solid processor with 8 GB DDR4 and 512 GB NVMe SSD for general work.,"{""Processor"":""Intel Core i5"",""RAM"":""8 GB DDR4"",""Storage"":""512 GB NVMe SSD"",""Display"":""15.6-inch Anti-Glare Full HD"",""Graphics"":""Integrated Mobile Graphics"",""Operating System"":""Windows 11 Home"",""Weight"":""1.75 kg"",""Battery"":""45 Wh"",""Connectivity"":""Wi-Fi 6, Bluetooth 5.1""}",4,63,30,1 year,"[""College"",""Office work"",""Coding""]","[""laptop"",""productivity"",""office-work"",""windows-laptop""]","[""/images/products/laptops/lap-012.webp""]",,,false,2026-07-06T10:00:00.000Z,2026-08-01T10:00:00.000Z
LAP-013,Lenovo EliteBook V13,lenovo-elitebook-v13,Lenovo,EliteBook V13,SKU-LAP-013,Laptops,103500,107500,4,INR,"A standard multi-purpose laptop designed for corporate business tasking, spreadsheet editing, and online conferencing. It delivers a balanced computing architecture with a processor running 16 GB DDR4 memory and a responsive 1 TB NVMe SSD for user storage.",Reliable Lenovo laptop running a solid processor with 16 GB DDR4 and 1 TB NVMe SSD for general work.,"{""Processor"":""AMD Ryzen 5"",""RAM"":""16 GB DDR4"",""Storage"":""1 TB NVMe SSD"",""Display"":""15.6-inch Anti-Glare Full HD"",""Graphics"":""Integrated Mobile Graphics"",""Operating System"":""Windows 11 Home"",""Weight"":""1.75 kg"",""Battery"":""45 Wh"",""Connectivity"":""Wi-Fi 6, Bluetooth 5.1""}",4.1,67,30,1 year,"[""College"",""Office work"",""Coding""]","[""laptop"",""productivity"",""office-work"",""windows-laptop""]","[""/images/products/laptops/lap-013.webp""]",,,false,2026-07-06T10:00:00.000Z,2026-08-01T10:00:00.000Z
LAP-014,Dell EliteBook V14,dell-elitebook-v14,Dell,EliteBook V14,SKU-LAP-014,Laptops,108000,112000,4,INR,"A standard multi-purpose laptop designed for corporate business tasking, spreadsheet editing, and online conferencing. It delivers a balanced computing architecture with a processor running 16 GB DDR5 memory and a responsive 512 GB NVMe SSD for user storage.",Reliable Dell laptop running a solid processor with 16 GB DDR5 and 512 GB NVMe SSD for general work.,"{""Processor"":""Intel Core i7"",""RAM"":""16 GB DDR5"",""Storage"":""512 GB NVMe SSD"",""Display"":""15.6-inch Anti-Glare Full HD"",""Graphics"":""Integrated Mobile Graphics"",""Operating System"":""Windows 11 Home"",""Weight"":""1.75 kg"",""Battery"":""45 Wh"",""Connectivity"":""Wi-Fi 6, Bluetooth 5.1""}",4.2,71,30,1 year,"[""College"",""Office work"",""Coding""]","[""laptop"",""productivity"",""office-work"",""windows-laptop""]","[""/images/products/laptops/lap-014.webp""]",,,false,2026-07-06T10:00:00.000Z,2026-08-01T10:00:00.000Z
LAP-015,ASUS EliteBook V15,asus-elitebook-v15,ASUS,EliteBook V15,SKU-LAP-015,Laptops,112500,116500,3,INR,"A standard multi-purpose laptop designed for corporate business tasking, spreadsheet editing, and online conferencing. It delivers a balanced computing architecture with a processor running 32 GB DDR5 memory and a responsive 1 TB NVMe SSD for user storage.",Reliable ASUS laptop running a solid processor with 32 GB DDR5 and 1 TB NVMe SSD for general work.,"{""Processor"":""AMD Ryzen 7"",""RAM"":""32 GB DDR5"",""Storage"":""1 TB NVMe SSD"",""Display"":""15.6-inch Anti-Glare Full HD"",""Graphics"":""Integrated Mobile Graphics"",""Operating System"":""Windows 11 Home"",""Weight"":""1.75 kg"",""Battery"":""45 Wh"",""Connectivity"":""Wi-Fi 6, Bluetooth 5.1""}",4.3,75,3,1 year,"[""College"",""Office work"",""Coding""]","[""laptop"",""productivity"",""office-work"",""windows-laptop""]","[""/images/products/laptops/lap-015.webp""]",,,false,2026-07-06T10:00:00.000Z,2026-08-01T10:00:00.000Z
LAP-016,MSI EliteBook V16,msi-elitebook-v16,MSI,EliteBook V16,SKU-LAP-016,Laptops,117000,121000,3,INR,"A standard multi-purpose laptop designed for corporate business tasking, spreadsheet editing, and online conferencing. It delivers a balanced computing architecture with a processor running 8 GB DDR4 memory and a responsive 512 GB NVMe SSD for user storage.",Reliable MSI laptop running a solid processor with 8 GB DDR4 and 512 GB NVMe SSD for general work.,"{""Processor"":""Intel Core i5"",""RAM"":""8 GB DDR4"",""Storage"":""512 GB NVMe SSD"",""Display"":""15.6-inch Anti-Glare Full HD"",""Graphics"":""Integrated Mobile Graphics"",""Operating System"":""Windows 11 Home"",""Weight"":""1.75 kg"",""Battery"":""45 Wh"",""Connectivity"":""Wi-Fi 6, Bluetooth 5.1""}",4.4,79,30,1 year,"[""College"",""Office work"",""Coding""]","[""laptop"",""productivity"",""office-work"",""windows-laptop""]","[""/images/products/laptops/lap-016.webp""]",,,false,2026-07-06T10:00:00.000Z,2026-08-01T10:00:00.000Z
LAP-017,Acer EliteBook V17,acer-elitebook-v17,Acer,EliteBook V17,SKU-LAP-017,Laptops,121500,125500,3,INR,"A standard multi-purpose laptop designed for corporate business tasking, spreadsheet editing, and online conferencing. It delivers a balanced computing architecture with a processor running 16 GB DDR4 memory and a responsive 1 TB NVMe SSD for user storage.",Reliable Acer laptop running a solid processor with 16 GB DDR4 and 1 TB NVMe SSD for general work.,"{""Processor"":""AMD Ryzen 5"",""RAM"":""16 GB DDR4"",""Storage"":""1 TB NVMe SSD"",""Display"":""15.6-inch Anti-Glare Full HD"",""Graphics"":""Integrated Mobile Graphics"",""Operating System"":""Windows 11 Home"",""Weight"":""1.75 kg"",""Battery"":""45 Wh"",""Connectivity"":""Wi-Fi 6, Bluetooth 5.1""}",4.5,83,30,1 year,"[""College"",""Office work"",""Coding""]","[""laptop"",""productivity"",""office-work"",""windows-laptop""]","[""/images/products/laptops/lap-017.webp""]",,,false,2026-07-06T10:00:00.000Z,2026-08-01T10:00:00.000Z
LAP-018,HP EliteBook V18,hp-elitebook-v18,HP,EliteBook V18,SKU-LAP-018,Laptops,126000,130000,3,INR,"A standard multi-purpose laptop designed for corporate business tasking, spreadsheet editing, and online conferencing. It delivers a balanced computing architecture with a processor running 16 GB DDR5 memory and a responsive 512 GB NVMe SSD for user storage.",Reliable HP laptop running a solid processor with 16 GB DDR5 and 512 GB NVMe SSD for general work.,"{""Processor"":""Intel Core i7"",""RAM"":""16 GB DDR5"",""Storage"":""512 GB NVMe SSD"",""Display"":""15.6-inch Anti-Glare Full HD"",""Graphics"":""Integrated Mobile Graphics"",""Operating System"":""Windows 11 Home"",""Weight"":""1.75 kg"",""Battery"":""45 Wh"",""Connectivity"":""Wi-Fi 6, Bluetooth 5.1""}",4.6,87,30,1 year,"[""College"",""Office work"",""Coding""]","[""laptop"",""productivity"",""office-work"",""windows-laptop""]","[""/images/products/laptops/lap-018.webp""]",,,false,2026-07-06T10:00:00.000Z,2026-08-01T10:00:00.000Z
LAP-019,Lenovo EliteBook V19,lenovo-elitebook-v19,Lenovo,EliteBook V19,SKU-LAP-019,Laptops,130500,134500,3,INR,"A standard multi-purpose laptop designed for corporate business tasking, spreadsheet editing, and online conferencing. It delivers a balanced computing architecture with a processor running 32 GB DDR5 memory and a responsive 1 TB NVMe SSD for user storage.",Reliable Lenovo laptop running a solid processor with 32 GB DDR5 and 1 TB NVMe SSD for general work.,"{""Processor"":""AMD Ryzen 7"",""RAM"":""32 GB DDR5"",""Storage"":""1 TB NVMe SSD"",""Display"":""15.6-inch Anti-Glare Full HD"",""Graphics"":""Integrated Mobile Graphics"",""Operating System"":""Windows 11 Home"",""Weight"":""1.75 kg"",""Battery"":""45 Wh"",""Connectivity"":""Wi-Fi 6, Bluetooth 5.1""}",4.7,91,30,1 year,"[""College"",""Office work"",""Coding""]","[""laptop"",""productivity"",""office-work"",""windows-laptop""]","[""/images/products/laptops/lap-019.webp""]",,,false,2026-07-06T10:00:00.000Z,2026-08-01T10:00:00.000Z
LAP-020,Dell EliteBook V20,dell-elitebook-v20,Dell,EliteBook V20,SKU-LAP-020,Laptops,135000,139000,3,INR,"A standard multi-purpose laptop designed for corporate business tasking, spreadsheet editing, and online conferencing. It delivers a balanced computing architecture with a processor running 8 GB DDR4 memory and a responsive 512 GB NVMe SSD for user storage.",Reliable Dell laptop running a solid processor with 8 GB DDR4 and 512 GB NVMe SSD for general work.,"{""Processor"":""Intel Core i5"",""RAM"":""8 GB DDR4"",""Storage"":""512 GB NVMe SSD"",""Display"":""15.6-inch Anti-Glare Full HD"",""Graphics"":""Integrated Mobile Graphics"",""Operating System"":""Windows 11 Home"",""Weight"":""1.75 kg"",""Battery"":""45 Wh"",""Connectivity"":""Wi-Fi 6, Bluetooth 5.1""}",3.8,95,30,1 year,"[""College"",""Office work"",""Coding""]","[""laptop"",""productivity"",""office-work"",""windows-laptop""]","[""/images/products/laptops/lap-020.webp""]",,,false,2026-07-06T10:00:00.000Z,2026-08-01T10:00:00.000Z
PHN-001,LuminaPhone Flagship Edition,luminaphone-flagship-edition,Apple,LuminaPhone Pro,SKU-PHN-001,Smartphones,139999,144999,3,INR,"The pinnacle of mobile design featuring a solid titanium frame, dynamic display cutout, and an advanced telephoto triple camera system. Seamlessly integrated with proprietary software, it processes massive graphic requests, records cinema-grade videos, and sustains battery life for a full day of usage.",Titanium framework premium mobile phone with a triple camera system and high density OLED panel.,"{""Display"":""6.7-inch Super Retina OLED 120Hz"",""Processor"":""A17 Pro Bionic"",""RAM"":""8 GB RAM"",""Storage"":""256 GB"",""Rear Camera"":""48 MP + 12 MP + 12 MP Triple Camera"",""Front Camera"":""12 MP TrueDepth"",""Battery"":""4441 mAh"",""Charging"":""27 W Wired, 15 W Wireless"",""Operating System"":""iOS 17"",""Connectivity"":""5G, Wi-Fi 6E, Bluetooth 5.3""}",4.8,94,25,1 year,"[""Photography"",""Content creation"",""Everyday use"",""Business""]","[""ios-phone"",""premium-phone"",""triple-camera"",""titanium-body""]","[""/images/products/smartphones/phn-001.webp""]","[""Natural Titanium"",""Blue Titanium"",""White Titanium""]","[""Titanium Architecture Design"",""Photonic Engine Triple Camera"",""ProMotion 120Hz Display""]",true,2026-07-01T10:00:00.000Z,2026-08-01T10:00:00.000Z
PHN-002,Galaxy Prime Ultra Z,galaxy-prime-ultra-z,Samsung,Galaxy Ultra Z,SKU-PHN-002,Smartphones,124999,,,INR,"A premium camera phone equipped with a 200MP sensor, 100x zoom magnification, and a built-in stylus pen. Perfect for mobile multitasking, sketching, and high-fidelity video rendering on the go. The dynamic display adapts refresh rates dynamically to preserve cell power.","Top-tier Android phone featuring a built-in stylus, 200MP camera sensor, and vibrant AMOLED panel.","{""Display"":""6.8-inch Dynamic AMOLED 2X"",""Processor"":""Snapdragon 8 Gen 3"",""RAM"":""12 GB RAM"",""Storage"":""512 GB"",""Rear Camera"":""200 MP + 50 MP + 12 MP + 10 MP Quad Camera"",""Front Camera"":""12 MP"",""Battery"":""5000 mAh"",""Charging"":""45 W Wired, 15 W Wireless"",""Operating System"":""Android 14"",""Connectivity"":""5G, Wi-Fi 7, Bluetooth 5.3""}",4.7,110,18,1 year,"[""Photography"",""Mobile gaming"",""Business"",""Content creation""]","[""galaxy-phone"",""android-flagship"",""stylus-included"",""200mp-camera""]","[""/images/products/smartphones/phn-002.webp""]","[""Titanium Gray"",""Titanium Black""]","[""200 Megapixel Quad Camera"",""Integrated S Pen Stylus"",""Snapdragon 8 Gen 3 Chip""]",true,2026-07-02T10:00:00.000Z,2026-08-02T10:00:00.000Z
PHN-003,Motorola Nova 3 Pro,motorola-nova-3-pro,Motorola,Nova 3 Pro,SKU-PHN-003,Smartphones,40000,43000,7,INR,"A highly balanced mid-range smartphone carrying 5G connectivity, a multi-sensor rear camera cluster, and high-speed fast charging. It runs on Android 14 with optimal RAM memory to keep applications load times low.","Modern Motorola smartphone configured with 5G speed, large display panel, and long battery life.","{""Display"":""6.5-inch IPS LCD 90Hz"",""Processor"":""MediaTek Dimensity 8000"",""RAM"":""8 GB RAM"",""Storage"":""128 GB"",""Rear Camera"":""64 MP Dual Camera"",""Front Camera"":""16 MP"",""Battery"":""5000 mAh"",""Charging"":""33 W Fast Charging"",""Operating System"":""Android 14"",""Connectivity"":""5G, Wi-Fi, Bluetooth""}",4.1,54,35,1 year,"[""Everyday use"",""Battery-focused use"",""Mobile gaming""]","[""smartphone"",""5g-mobile"",""fast-charging"",""budget-phone""]","[""/images/products/smartphones/phn-003.webp""]",,,false,2026-07-06T10:00:00.000Z,2026-08-01T10:00:00.000Z
PHN-004,Xiaomi Nova 4 Pro,xiaomi-nova-4-pro,Xiaomi,Nova 4 Pro,SKU-PHN-004,Smartphones,45000,48000,6,INR,"A highly balanced mid-range smartphone carrying 5G connectivity, a multi-sensor rear camera cluster, and high-speed fast charging. It runs on MIUI/HyperOS with optimal RAM memory to keep applications load times low.","Modern Xiaomi smartphone configured with 5G speed, large display panel, and long battery life.","{""Display"":""6.5-inch IPS LCD 90Hz"",""Processor"":""MediaTek Dimensity 8000"",""RAM"":""8 GB RAM"",""Storage"":""128 GB"",""Rear Camera"":""64 MP Dual Camera"",""Front Camera"":""16 MP"",""Battery"":""5000 mAh"",""Charging"":""33 W Fast Charging"",""Operating System"":""MIUI/HyperOS"",""Connectivity"":""5G, Wi-Fi, Bluetooth""}",4.2,57,35,1 year,"[""Everyday use"",""Battery-focused use"",""Mobile gaming""]","[""smartphone"",""5g-mobile"",""fast-charging"",""budget-phone""]","[""/images/products/smartphones/phn-004.webp""]",,,false,2026-07-06T10:00:00.000Z,2026-08-01T10:00:00.000Z
PHN-005,OnePlus Nova 5 Pro,oneplus-nova-5-pro,OnePlus,Nova 5 Pro,SKU-PHN-005,Smartphones,50000,53000,6,INR,"A highly balanced mid-range smartphone carrying 5G connectivity, a multi-sensor rear camera cluster, and high-speed fast charging. It runs on Android 14 with optimal RAM memory to keep applications load times low.","Modern OnePlus smartphone configured with 5G speed, large display panel, and long battery life.","{""Display"":""6.5-inch IPS LCD 90Hz"",""Processor"":""MediaTek Dimensity 8000"",""RAM"":""8 GB RAM"",""Storage"":""128 GB"",""Rear Camera"":""64 MP Dual Camera"",""Front Camera"":""16 MP"",""Battery"":""5000 mAh"",""Charging"":""33 W Fast Charging"",""Operating System"":""Android 14"",""Connectivity"":""5G, Wi-Fi, Bluetooth""}",4.3,60,35,1 year,"[""Everyday use"",""Battery-focused use"",""Mobile gaming""]","[""smartphone"",""5g-mobile"",""fast-charging"",""budget-phone""]","[""/images/products/smartphones/phn-005.webp""]",,,true,2026-07-06T10:00:00.000Z,2026-08-01T10:00:00.000Z
PHN-006,Google Nova 6 Pro,google-nova-6-pro,Google,Nova 6 Pro,SKU-PHN-006,Smartphones,55000,58000,5,INR,"A highly balanced mid-range smartphone carrying 5G connectivity, a multi-sensor rear camera cluster, and high-speed fast charging. It runs on Android 14 (Stock) with optimal RAM memory to keep applications load times low.","Modern Google smartphone configured with 5G speed, large display panel, and long battery life.","{""Display"":""6.5-inch IPS LCD 90Hz"",""Processor"":""MediaTek Dimensity 8000"",""RAM"":""8 GB RAM"",""Storage"":""128 GB"",""Rear Camera"":""64 MP Dual Camera"",""Front Camera"":""16 MP"",""Battery"":""5000 mAh"",""Charging"":""33 W Fast Charging"",""Operating System"":""Android 14 (Stock)"",""Connectivity"":""5G, Wi-Fi, Bluetooth""}",4.4,63,35,1 year,"[""Everyday use"",""Battery-focused use"",""Mobile gaming""]","[""smartphone"",""5g-mobile"",""fast-charging"",""budget-phone""]","[""/images/products/smartphones/phn-006.webp""]",,,false,2026-07-06T10:00:00.000Z,2026-08-01T10:00:00.000Z
PHN-007,Nothing Nova 7 Pro,nothing-nova-7-pro,Nothing,Nova 7 Pro,SKU-PHN-007,Smartphones,60000,63000,5,INR,"A highly balanced mid-range smartphone carrying 5G connectivity, a multi-sensor rear camera cluster, and high-speed fast charging. It runs on Nothing OS 2.5 with optimal RAM memory to keep applications load times low.","Modern Nothing smartphone configured with 5G speed, large display panel, and long battery life.","{""Display"":""6.5-inch IPS LCD 90Hz"",""Processor"":""MediaTek Dimensity 8000"",""RAM"":""8 GB RAM"",""Storage"":""128 GB"",""Rear Camera"":""64 MP Dual Camera"",""Front Camera"":""16 MP"",""Battery"":""5000 mAh"",""Charging"":""33 W Fast Charging"",""Operating System"":""Nothing OS 2.5"",""Connectivity"":""5G, Wi-Fi, Bluetooth""}",4.5,66,0,1 year,"[""Everyday use"",""Battery-focused use"",""Mobile gaming""]","[""smartphone"",""5g-mobile"",""fast-charging"",""budget-phone""]","[""/images/products/smartphones/phn-007.webp""]",,,false,2026-07-06T10:00:00.000Z,2026-08-01T10:00:00.000Z
PHN-008,Motorola Nova 8 Pro,motorola-nova-8-pro,Motorola,Nova 8 Pro,SKU-PHN-008,Smartphones,65000,68000,4,INR,"A highly balanced mid-range smartphone carrying 5G connectivity, a multi-sensor rear camera cluster, and high-speed fast charging. It runs on Android 14 with optimal RAM memory to keep applications load times low.","Modern Motorola smartphone configured with 5G speed, large display panel, and long battery life.","{""Display"":""6.5-inch IPS LCD 90Hz"",""Processor"":""MediaTek Dimensity 8000"",""RAM"":""8 GB RAM"",""Storage"":""128 GB"",""Rear Camera"":""64 MP Dual Camera"",""Front Camera"":""16 MP"",""Battery"":""5000 mAh"",""Charging"":""33 W Fast Charging"",""Operating System"":""Android 14"",""Connectivity"":""5G, Wi-Fi, Bluetooth""}",4.5,69,35,1 year,"[""Everyday use"",""Battery-focused use"",""Mobile gaming""]","[""smartphone"",""5g-mobile"",""fast-charging"",""budget-phone""]","[""/images/products/smartphones/phn-008.webp""]",,,false,2026-07-06T10:00:00.000Z,2026-08-01T10:00:00.000Z
PHN-009,Xiaomi Nova 9 Pro,xiaomi-nova-9-pro,Xiaomi,Nova 9 Pro,SKU-PHN-009,Smartphones,70000,73000,4,INR,"A highly balanced mid-range smartphone carrying 5G connectivity, a multi-sensor rear camera cluster, and high-speed fast charging. It runs on MIUI/HyperOS with optimal RAM memory to keep applications load times low.","Modern Xiaomi smartphone configured with 5G speed, large display panel, and long battery life.","{""Display"":""6.5-inch IPS LCD 90Hz"",""Processor"":""MediaTek Dimensity 8000"",""RAM"":""8 GB RAM"",""Storage"":""128 GB"",""Rear Camera"":""64 MP Dual Camera"",""Front Camera"":""16 MP"",""Battery"":""5000 mAh"",""Charging"":""33 W Fast Charging"",""Operating System"":""MIUI/HyperOS"",""Connectivity"":""5G, Wi-Fi, Bluetooth""}",4.6,72,35,1 year,"[""Everyday use"",""Battery-focused use"",""Mobile gaming""]","[""smartphone"",""5g-mobile"",""fast-charging"",""budget-phone""]","[""/images/products/smartphones/phn-009.webp""]",,,false,2026-07-06T10:00:00.000Z,2026-08-01T10:00:00.000Z
PHN-010,OnePlus Nova 10 Pro,oneplus-nova-10-pro,OnePlus,Nova 10 Pro,SKU-PHN-010,Smartphones,75000,78000,4,INR,"A highly balanced mid-range smartphone carrying 5G connectivity, a multi-sensor rear camera cluster, and high-speed fast charging. It runs on Android 14 with optimal RAM memory to keep applications load times low.","Modern OnePlus smartphone configured with 5G speed, large display panel, and long battery life.","{""Display"":""6.5-inch IPS LCD 90Hz"",""Processor"":""MediaTek Dimensity 8000"",""RAM"":""8 GB RAM"",""Storage"":""128 GB"",""Rear Camera"":""64 MP Dual Camera"",""Front Camera"":""16 MP"",""Battery"":""5000 mAh"",""Charging"":""33 W Fast Charging"",""Operating System"":""Android 14"",""Connectivity"":""5G, Wi-Fi, Bluetooth""}",3.9,75,35,1 year,"[""Everyday use"",""Battery-focused use"",""Mobile gaming""]","[""smartphone"",""5g-mobile"",""fast-charging"",""budget-phone""]","[""/images/products/smartphones/phn-010.webp""]",,,true,2026-07-06T10:00:00.000Z,2026-08-01T10:00:00.000Z
PHN-011,Google Nova 11 Pro,google-nova-11-pro,Google,Nova 11 Pro,SKU-PHN-011,Smartphones,80000,83000,4,INR,"A highly balanced mid-range smartphone carrying 5G connectivity, a multi-sensor rear camera cluster, and high-speed fast charging. It runs on Android 14 (Stock) with optimal RAM memory to keep applications load times low.","Modern Google smartphone configured with 5G speed, large display panel, and long battery life.","{""Display"":""6.5-inch IPS LCD 90Hz"",""Processor"":""MediaTek Dimensity 8000"",""RAM"":""8 GB RAM"",""Storage"":""128 GB"",""Rear Camera"":""64 MP Dual Camera"",""Front Camera"":""16 MP"",""Battery"":""5000 mAh"",""Charging"":""33 W Fast Charging"",""Operating System"":""Android 14 (Stock)"",""Connectivity"":""5G, Wi-Fi, Bluetooth""}",4,78,4,1 year,"[""Everyday use"",""Battery-focused use"",""Mobile gaming""]","[""smartphone"",""5g-mobile"",""fast-charging"",""budget-phone""]","[""/images/products/smartphones/phn-011.webp""]",,,false,2026-07-06T10:00:00.000Z,2026-08-01T10:00:00.000Z
PHN-012,Nothing Nova 12 Pro,nothing-nova-12-pro,Nothing,Nova 12 Pro,SKU-PHN-012,Smartphones,85000,88000,3,INR,"A highly balanced mid-range smartphone carrying 5G connectivity, a multi-sensor rear camera cluster, and high-speed fast charging. It runs on Nothing OS 2.5 with optimal RAM memory to keep applications load times low.","Modern Nothing smartphone configured with 5G speed, large display panel, and long battery life.","{""Display"":""6.5-inch IPS LCD 90Hz"",""Processor"":""MediaTek Dimensity 8000"",""RAM"":""8 GB RAM"",""Storage"":""128 GB"",""Rear Camera"":""64 MP Dual Camera"",""Front Camera"":""16 MP"",""Battery"":""5000 mAh"",""Charging"":""33 W Fast Charging"",""Operating System"":""Nothing OS 2.5"",""Connectivity"":""5G, Wi-Fi, Bluetooth""}",4.1,81,35,1 year,"[""Everyday use"",""Battery-focused use"",""Mobile gaming""]","[""smartphone"",""5g-mobile"",""fast-charging"",""budget-phone""]","[""/images/products/smartphones/phn-012.webp""]",,,false,2026-07-06T10:00:00.000Z,2026-08-01T10:00:00.000Z
PHN-013,Motorola Nova 13 Pro,motorola-nova-13-pro,Motorola,Nova 13 Pro,SKU-PHN-013,Smartphones,90000,93000,3,INR,"A highly balanced mid-range smartphone carrying 5G connectivity, a multi-sensor rear camera cluster, and high-speed fast charging. It runs on Android 14 with optimal RAM memory to keep applications load times low.","Modern Motorola smartphone configured with 5G speed, large display panel, and long battery life.","{""Display"":""6.5-inch IPS LCD 90Hz"",""Processor"":""MediaTek Dimensity 8000"",""RAM"":""8 GB RAM"",""Storage"":""128 GB"",""Rear Camera"":""64 MP Dual Camera"",""Front Camera"":""16 MP"",""Battery"":""5000 mAh"",""Charging"":""33 W Fast Charging"",""Operating System"":""Android 14"",""Connectivity"":""5G, Wi-Fi, Bluetooth""}",4.1,84,35,1 year,"[""Everyday use"",""Battery-focused use"",""Mobile gaming""]","[""smartphone"",""5g-mobile"",""fast-charging"",""budget-phone""]","[""/images/products/smartphones/phn-013.webp""]",,,false,2026-07-06T10:00:00.000Z,2026-08-01T10:00:00.000Z
PHN-014,Xiaomi Nova 14 Pro,xiaomi-nova-14-pro,Xiaomi,Nova 14 Pro,SKU-PHN-014,Smartphones,95000,98000,3,INR,"A highly balanced mid-range smartphone carrying 5G connectivity, a multi-sensor rear camera cluster, and high-speed fast charging. It runs on MIUI/HyperOS with optimal RAM memory to keep applications load times low.","Modern Xiaomi smartphone configured with 5G speed, large display panel, and long battery life.","{""Display"":""6.5-inch IPS LCD 90Hz"",""Processor"":""MediaTek Dimensity 8000"",""RAM"":""8 GB RAM"",""Storage"":""128 GB"",""Rear Camera"":""64 MP Dual Camera"",""Front Camera"":""16 MP"",""Battery"":""5000 mAh"",""Charging"":""33 W Fast Charging"",""Operating System"":""MIUI/HyperOS"",""Connectivity"":""5G, Wi-Fi, Bluetooth""}",4.2,87,35,1 year,"[""Everyday use"",""Battery-focused use"",""Mobile gaming""]","[""smartphone"",""5g-mobile"",""fast-charging"",""budget-phone""]","[""/images/products/smartphones/phn-014.webp""]",,,false,2026-07-06T10:00:00.000Z,2026-08-01T10:00:00.000Z
PHN-015,OnePlus Nova 15 Pro,oneplus-nova-15-pro,OnePlus,Nova 15 Pro,SKU-PHN-015,Smartphones,100000,103000,3,INR,"A highly balanced mid-range smartphone carrying 5G connectivity, a multi-sensor rear camera cluster, and high-speed fast charging. It runs on Android 14 with optimal RAM memory to keep applications load times low.","Modern OnePlus smartphone configured with 5G speed, large display panel, and long battery life.","{""Display"":""6.5-inch IPS LCD 90Hz"",""Processor"":""MediaTek Dimensity 8000"",""RAM"":""8 GB RAM"",""Storage"":""128 GB"",""Rear Camera"":""64 MP Dual Camera"",""Front Camera"":""16 MP"",""Battery"":""5000 mAh"",""Charging"":""33 W Fast Charging"",""Operating System"":""Android 14"",""Connectivity"":""5G, Wi-Fi, Bluetooth""}",4.3,90,35,1 year,"[""Everyday use"",""Battery-focused use"",""Mobile gaming""]","[""smartphone"",""5g-mobile"",""fast-charging"",""budget-phone""]","[""/images/products/smartphones/phn-015.webp""]",,,false,2026-07-06T10:00:00.000Z,2026-08-01T10:00:00.000Z
TAB-001,Lumina Pad Air Touch,lumina-pad-air-touch,Apple,iPad Air 11,SKU-TAB-001,Tablets,59900,62900,5,INR,"An ultrathin 11-inch tablet packing dynamic processor power. Designed for students, designers, and notes cataloging, its crisp Liquid Retina display supports pixel-precise digital sketch tools, and matches high responsiveness for gaming and spreadsheets.","Thin 11-inch professional stylus-ready tablet for study, creative drawing, and media streaming.","{""Display"":""11-inch Liquid Retina Display"",""Processor"":""Apple M2 Silicon"",""RAM"":""8 GB Unified Memory"",""Storage"":""128 GB Flash Storage"",""Camera"":""12 MP Wide Rear Camera"",""Battery"":""28.9 Wh"",""Weight"":""462 g"",""Connectivity"":""Wi-Fi 6E, Bluetooth 5.3""}",4.7,65,20,1 year,"[""College"",""Graphic design"",""Travel""]","[""tablet"",""ipad-air"",""m2-tablet"",""drawing-canvas""]","[""/images/products/tablets/tab-001.webp""]","[""Space Grey"",""Starlight"",""Purple""]","[""Liquid Retina TrueTone Display"",""Powerful M2 Silicon Processor"",""Apple Pencil Pro Compatible""]",true,2026-07-01T10:00:00.000Z,2026-08-01T10:00:00.000Z
TAB-002,Xiaomi Tab S-Pro 2,xiaomi-tab-s-pro-2,Xiaomi,Tab S-Pro 2,SKU-TAB-002,Tablets,30000,32000,6,INR,"A highly versatile multimedia tablet designed for document editing, high-definition streaming, and academic reading. The lightweight chassis contains a long-lasting battery, clear stereo speakers, and micro-SD expansion slots for localized storage.","Convenient Xiaomi touch screen tablet suitable for study, streaming media, and office notes.","{""Display"":""10.5-inch IPS Panel"",""Processor"":""Octa-Core Processor"",""RAM"":""6 GB RAM"",""Storage"":""128 GB Internal"",""Camera"":""8 MP Auto-Focus Rear"",""Battery"":""7040 mAh"",""Weight"":""480 g"",""Connectivity"":""Wi-Fi, Bluetooth""}",4.2,40,24,1 year,"[""College"",""Office work"",""Travel""]","[""tablet"",""touchscreen"",""media-player"",""study-companion""]","[""/images/products/tablets/tab-002.webp""]",,,false,2026-07-06T10:00:00.000Z,2026-08-01T10:00:00.000Z
TAB-003,OnePlus Tab S-Pro 3,oneplus-tab-s-pro-3,OnePlus,Tab S-Pro 3,SKU-TAB-003,Tablets,36000,38000,5,INR,"A highly versatile multimedia tablet designed for document editing, high-definition streaming, and academic reading. The lightweight chassis contains a long-lasting battery, clear stereo speakers, and micro-SD expansion slots for localized storage.","Convenient OnePlus touch screen tablet suitable for study, streaming media, and office notes.","{""Display"":""10.5-inch IPS Panel"",""Processor"":""Octa-Core Processor"",""RAM"":""6 GB RAM"",""Storage"":""128 GB Internal"",""Camera"":""8 MP Auto-Focus Rear"",""Battery"":""7040 mAh"",""Weight"":""480 g"",""Connectivity"":""Wi-Fi, Bluetooth""}",4.3,45,24,1 year,"[""College"",""Office work"",""Travel""]","[""tablet"",""touchscreen"",""media-player"",""study-companion""]","[""/images/products/tablets/tab-003.webp""]",,,true,2026-07-06T10:00:00.000Z,2026-08-01T10:00:00.000Z
TAB-004,Samsung Tab S-Pro 4,samsung-tab-s-pro-4,Samsung,Tab S-Pro 4,SKU-TAB-004,Tablets,42000,44000,5,INR,"A highly versatile multimedia tablet designed for document editing, high-definition streaming, and academic reading. The lightweight chassis contains a long-lasting battery, clear stereo speakers, and micro-SD expansion slots for localized storage.","Convenient Samsung touch screen tablet suitable for study, streaming media, and office notes.","{""Display"":""10.5-inch IPS Panel"",""Processor"":""Octa-Core Processor"",""RAM"":""6 GB RAM"",""Storage"":""128 GB Internal"",""Camera"":""8 MP Auto-Focus Rear"",""Battery"":""7040 mAh"",""Weight"":""480 g"",""Connectivity"":""Wi-Fi, Bluetooth""}",4.4,50,0,1 year,"[""College"",""Office work"",""Travel""]","[""tablet"",""touchscreen"",""media-player"",""study-companion""]","[""/images/products/tablets/tab-004.webp""]",,,false,2026-07-06T10:00:00.000Z,2026-08-01T10:00:00.000Z
TAB-005,Lenovo Tab S-Pro 5,lenovo-tab-s-pro-5,Lenovo,Tab S-Pro 5,SKU-TAB-005,Tablets,48000,50000,4,INR,"A highly versatile multimedia tablet designed for document editing, high-definition streaming, and academic reading. The lightweight chassis contains a long-lasting battery, clear stereo speakers, and micro-SD expansion slots for localized storage.","Convenient Lenovo touch screen tablet suitable for study, streaming media, and office notes.","{""Display"":""10.5-inch IPS Panel"",""Processor"":""Octa-Core Processor"",""RAM"":""6 GB RAM"",""Storage"":""128 GB Internal"",""Camera"":""8 MP Auto-Focus Rear"",""Battery"":""7040 mAh"",""Weight"":""480 g"",""Connectivity"":""Wi-Fi, Bluetooth""}",4.5,55,24,1 year,"[""College"",""Office work"",""Travel""]","[""tablet"",""touchscreen"",""media-player"",""study-companion""]","[""/images/products/tablets/tab-005.webp""]",,,false,2026-07-06T10:00:00.000Z,2026-08-01T10:00:00.000Z
TAB-006,Xiaomi Tab S-Pro 6,xiaomi-tab-s-pro-6,Xiaomi,Tab S-Pro 6,SKU-TAB-006,Tablets,54000,56000,4,INR,"A highly versatile multimedia tablet designed for document editing, high-definition streaming, and academic reading. The lightweight chassis contains a long-lasting battery, clear stereo speakers, and micro-SD expansion slots for localized storage.","Convenient Xiaomi touch screen tablet suitable for study, streaming media, and office notes.","{""Display"":""10.5-inch IPS Panel"",""Processor"":""Octa-Core Processor"",""RAM"":""6 GB RAM"",""Storage"":""128 GB Internal"",""Camera"":""8 MP Auto-Focus Rear"",""Battery"":""7040 mAh"",""Weight"":""480 g"",""Connectivity"":""Wi-Fi, Bluetooth""}",4.6,60,2,1 year,"[""College"",""Office work"",""Travel""]","[""tablet"",""touchscreen"",""media-player"",""study-companion""]","[""/images/products/tablets/tab-006.webp""]",,,false,2026-07-06T10:00:00.000Z,2026-08-01T10:00:00.000Z
TAB-007,OnePlus Tab S-Pro 7,oneplus-tab-s-pro-7,OnePlus,Tab S-Pro 7,SKU-TAB-007,Tablets,60000,62000,3,INR,"A highly versatile multimedia tablet designed for document editing, high-definition streaming, and academic reading. The lightweight chassis contains a long-lasting battery, clear stereo speakers, and micro-SD expansion slots for localized storage.","Convenient OnePlus touch screen tablet suitable for study, streaming media, and office notes.","{""Display"":""10.5-inch IPS Panel"",""Processor"":""Octa-Core Processor"",""RAM"":""6 GB RAM"",""Storage"":""128 GB Internal"",""Camera"":""8 MP Auto-Focus Rear"",""Battery"":""7040 mAh"",""Weight"":""480 g"",""Connectivity"":""Wi-Fi, Bluetooth""}",4.7,65,24,1 year,"[""College"",""Office work"",""Travel""]","[""tablet"",""touchscreen"",""media-player"",""study-companion""]","[""/images/products/tablets/tab-007.webp""]",,,false,2026-07-06T10:00:00.000Z,2026-08-01T10:00:00.000Z
TAB-008,Samsung Tab S-Pro 8,samsung-tab-s-pro-8,Samsung,Tab S-Pro 8,SKU-TAB-008,Tablets,66000,68000,3,INR,"A highly versatile multimedia tablet designed for document editing, high-definition streaming, and academic reading. The lightweight chassis contains a long-lasting battery, clear stereo speakers, and micro-SD expansion slots for localized storage.","Convenient Samsung touch screen tablet suitable for study, streaming media, and office notes.","{""Display"":""10.5-inch IPS Panel"",""Processor"":""Octa-Core Processor"",""RAM"":""6 GB RAM"",""Storage"":""128 GB Internal"",""Camera"":""8 MP Auto-Focus Rear"",""Battery"":""7040 mAh"",""Weight"":""480 g"",""Connectivity"":""Wi-Fi, Bluetooth""}",4,70,24,1 year,"[""College"",""Office work"",""Travel""]","[""tablet"",""touchscreen"",""media-player"",""study-companion""]","[""/images/products/tablets/tab-008.webp""]",,,false,2026-07-06T10:00:00.000Z,2026-08-01T10:00:00.000Z
MON-001,LuminaScreen Pro 27 4K,luminascreen-pro-27-4k,Dell,LuminaScreen 27,SKU-MON-001,Monitors,36999,39999,8,INR,"An elite 27-inch 4K IPS display color-calibrated for designers, photographers, and video editors. Featuring a USB-C interface providing power delivery, it functions as a hardware expansion dock while reducing desk cable clutter. High contrast ratio makes every pixel details visible.",Color-accurate 27-inch 4K IPS display monitor with USB-C video input and power hub features.,"{""Display Size"":""27-inch"",""Resolution"":""3840 x 2160 (4K UHD)"",""Panel Type"":""IPS"",""Refresh Rate"":""60 Hz"",""Response Time"":""5 ms"",""Color Gamut"":""99% sRGB, 95% DCI-P3"",""Ports"":""USB-C (90W PD), HDMI 2.0, DisplayPort 1.4"",""Stand Adjustment"":""Height, Pivot, Swivel, Tilt""}",4.6,48,14,3 years,"[""Office work"",""Graphic design"",""Video editing"",""Programming""]","[""4k-monitor"",""ips-panel"",""usb-c-hub"",""color-accurate"",""display-monitor""]","[""/images/products/monitors/mon-001.webp""]","[""Platinum Silver""]","[""Ultra HD 4K Resolution"",""90W USB-C Power Delivery"",""IPS Wide Viewing Angles""]",true,2026-07-01T10:00:00.000Z,2026-08-01T10:00:00.000Z
MON-002,ASUS DisplayMax 2-GenCurved,asus-displaymax-2-gencurved,ASUS,DisplayMax 2,SKU-MON-002,Monitors,20000,22000,9,INR,"A robust computer display designed to extend workstation setups. With a flicker-free panel and blue-light reduction, it ensures comfortable usage during extended programming or data-analysis work sessions.",Comfortable computer display monitor with anti-glare filters and adjustable ergonomic stands.,"{""Display Size"":""24-inch"",""Resolution"":""1920 x 1080 (Full HD)"",""Panel Type"":""IPS"",""Refresh Rate"":""75 Hz"",""Response Time"":""4 ms"",""Color Gamut"":""99% sRGB"",""Ports"":""HDMI, VGA, DisplayPort"",""Stand Adjustment"":""Tilt Only""}",4.3,34,16,3 years,"[""Office work"",""Programming"",""Multi-monitor setup""]","[""monitor"",""ergonomic"",""ips-display"",""computer-accessories""]","[""/images/products/monitors/mon-002.webp""]",,,false,2026-07-06T10:00:00.000Z,2026-08-01T10:00:00.000Z
MON-003,Samsung DisplayMax 3-GenCurved,samsung-displaymax-3-gencurved,Samsung,DisplayMax 3,SKU-MON-003,Monitors,24000,26000,8,INR,"A robust computer display designed to extend workstation setups. With a flicker-free panel and blue-light reduction, it ensures comfortable usage during extended programming or data-analysis work sessions.",Comfortable computer display monitor with anti-glare filters and adjustable ergonomic stands.,"{""Display Size"":""24-inch"",""Resolution"":""1920 x 1080 (Full HD)"",""Panel Type"":""IPS"",""Refresh Rate"":""75 Hz"",""Response Time"":""4 ms"",""Color Gamut"":""99% sRGB"",""Ports"":""HDMI, VGA, DisplayPort"",""Stand Adjustment"":""Tilt Only""}",4.4,40,0,3 years,"[""Office work"",""Programming"",""Multi-monitor setup""]","[""monitor"",""ergonomic"",""ips-display"",""computer-accessories""]","[""/images/products/monitors/mon-003.webp""]",,,false,2026-07-06T10:00:00.000Z,2026-08-01T10:00:00.000Z
MON-004,LG DisplayMax 4-GenCurved,lg-displaymax-4-gencurved,LG,DisplayMax 4,SKU-MON-004,Monitors,28000,30000,7,INR,"A robust computer display designed to extend workstation setups. With a flicker-free panel and blue-light reduction, it ensures comfortable usage during extended programming or data-analysis work sessions.",Comfortable computer display monitor with anti-glare filters and adjustable ergonomic stands.,"{""Display Size"":""24-inch"",""Resolution"":""1920 x 1080 (Full HD)"",""Panel Type"":""IPS"",""Refresh Rate"":""75 Hz"",""Response Time"":""4 ms"",""Color Gamut"":""99% sRGB"",""Ports"":""HDMI, VGA, DisplayPort"",""Stand Adjustment"":""Tilt Only""}",4.5,46,16,3 years,"[""Office work"",""Programming"",""Multi-monitor setup""]","[""monitor"",""ergonomic"",""ips-display"",""computer-accessories""]","[""/images/products/monitors/mon-004.webp""]",,,false,2026-07-06T10:00:00.000Z,2026-08-01T10:00:00.000Z
MON-005,BenQ DisplayMax 5-GenCurved,benq-displaymax-5-gencurved,BenQ,DisplayMax 5,SKU-MON-005,Monitors,32000,34000,6,INR,"A robust computer display designed to extend workstation setups. With a flicker-free panel and blue-light reduction, it ensures comfortable usage during extended programming or data-analysis work sessions.",Comfortable computer display monitor with anti-glare filters and adjustable ergonomic stands.,"{""Display Size"":""24-inch"",""Resolution"":""1920 x 1080 (Full HD)"",""Panel Type"":""IPS"",""Refresh Rate"":""75 Hz"",""Response Time"":""4 ms"",""Color Gamut"":""99% sRGB"",""Ports"":""HDMI, VGA, DisplayPort"",""Stand Adjustment"":""Tilt Only""}",4.5,52,16,3 years,"[""Office work"",""Programming"",""Multi-monitor setup""]","[""monitor"",""ergonomic"",""ips-display"",""computer-accessories""]","[""/images/products/monitors/mon-005.webp""]",,,true,2026-07-06T10:00:00.000Z,2026-08-01T10:00:00.000Z
MON-006,ASUS DisplayMax 6-GenCurved,asus-displaymax-6-gencurved,ASUS,DisplayMax 6,SKU-MON-006,Monitors,36000,38000,5,INR,"A robust computer display designed to extend workstation setups. With a flicker-free panel and blue-light reduction, it ensures comfortable usage during extended programming or data-analysis work sessions.",Comfortable computer display monitor with anti-glare filters and adjustable ergonomic stands.,"{""Display Size"":""24-inch"",""Resolution"":""1920 x 1080 (Full HD)"",""Panel Type"":""IPS"",""Refresh Rate"":""75 Hz"",""Response Time"":""4 ms"",""Color Gamut"":""99% sRGB"",""Ports"":""HDMI, VGA, DisplayPort"",""Stand Adjustment"":""Tilt Only""}",4.6,58,16,3 years,"[""Office work"",""Programming"",""Multi-monitor setup""]","[""monitor"",""ergonomic"",""ips-display"",""computer-accessories""]","[""/images/products/monitors/mon-006.webp""]",,,false,2026-07-06T10:00:00.000Z,2026-08-01T10:00:00.000Z
MON-007,Samsung DisplayMax 7-GenCurved,samsung-displaymax-7-gencurved,Samsung,DisplayMax 7,SKU-MON-007,Monitors,40000,42000,5,INR,"A robust computer display designed to extend workstation setups. With a flicker-free panel and blue-light reduction, it ensures comfortable usage during extended programming or data-analysis work sessions.",Comfortable computer display monitor with anti-glare filters and adjustable ergonomic stands.,"{""Display Size"":""24-inch"",""Resolution"":""1920 x 1080 (Full HD)"",""Panel Type"":""IPS"",""Refresh Rate"":""75 Hz"",""Response Time"":""4 ms"",""Color Gamut"":""99% sRGB"",""Ports"":""HDMI, VGA, DisplayPort"",""Stand Adjustment"":""Tilt Only""}",4.7,64,1,3 years,"[""Office work"",""Programming"",""Multi-monitor setup""]","[""monitor"",""ergonomic"",""ips-display"",""computer-accessories""]","[""/images/products/monitors/mon-007.webp""]",,,false,2026-07-06T10:00:00.000Z,2026-08-01T10:00:00.000Z
MON-008,LG DisplayMax 8-GenCurved,lg-displaymax-8-gencurved,LG,DisplayMax 8,SKU-MON-008,Monitors,44000,46000,4,INR,"A robust computer display designed to extend workstation setups. With a flicker-free panel and blue-light reduction, it ensures comfortable usage during extended programming or data-analysis work sessions.",Comfortable computer display monitor with anti-glare filters and adjustable ergonomic stands.,"{""Display Size"":""24-inch"",""Resolution"":""1920 x 1080 (Full HD)"",""Panel Type"":""IPS"",""Refresh Rate"":""75 Hz"",""Response Time"":""4 ms"",""Color Gamut"":""99% sRGB"",""Ports"":""HDMI, VGA, DisplayPort"",""Stand Adjustment"":""Tilt Only""}",4.1,70,16,3 years,"[""Office work"",""Programming"",""Multi-monitor setup""]","[""monitor"",""ergonomic"",""ips-display"",""computer-accessories""]","[""/images/products/monitors/mon-008.webp""]",,,false,2026-07-06T10:00:00.000Z,2026-08-01T10:00:00.000Z
KEY-001,TactileClick Mechanical Pro,tactileclick-mechanical-pro,Keychron,K2 v2,SKU-KEY-001,Keyboards,7499,8499,12,INR,"A premium compact mechanical keyboard featuring hot-swappable switches, wireless Bluetooth pairing, and an aluminum frame. Tactile click feedback provides a satisfying, highly precise typing experience for coding and document editing, while macOS/Windows dual layout compatibility lets you transition between systems instantly.",Hot-swappable wireless mechanical keyboard configured with long battery life and premium tactile switches.,"{""Layout"":""75% Compact"",""Connection"":""Bluetooth 5.1 / USB-C Wired"",""Switch Type"":""Gateron G-Pro Brown Mechanical"",""Backlighting"":""White LED"",""Compatibility"":""macOS / Windows / Android"",""Battery"":""4000 mAh""}",4.7,154,35,1 year,"[""Coding"",""Office work"",""Gaming""]","[""mechanical-keyboard"",""wireless-keyboard"",""hot-swappable"",""keychron"",""tactile-typing""]","[""/images/products/keyboards/key-001.webp""]","[""Classic Charcoal"",""Space Gray""]","[""Hot-Swappable Switch Sockets"",""Bluetooth & Wired Dual Mode"",""Premium Aluminium Frame""]",true,2026-07-01T10:00:00.000Z,2026-08-01T10:00:00.000Z
KEY-002,Corsair Typist-Series Keyboard 2,corsair-typist-series-keyboard-2,Corsair,Typist 2,SKU-KEY-002,Keyboards,3900,4200,7,INR,A daily keyboard designed with low-profile keys to promote comfortable ergonomic hand positioning. Quiet-click mechanisms prevent disturbing co-workers in public workspace setups.,Quiet-typing keyboard with ergonomic adjustments and splash-resistant construction.,"{""Layout"":""Full size"",""Connection"":""USB wired"",""Switch Type"":""Membrane switches"",""Backlighting"":""None"",""Compatibility"":""Windows and macOS"",""Cable Length"":""1.5 m""}",4,50,48,1 year,"[""Office work"",""College""]","[""keyboard"",""silent-keys"",""computer-input"",""office-desktop""]","[""/images/products/keyboards/key-002.webp""]",,,false,2026-07-06T10:00:00.000Z,2026-08-01T10:00:00.000Z
KEY-003,Keychron Typist-Series Keyboard 3,keychron-typist-series-keyboard-3,Keychron,Typist 3,SKU-KEY-003,Keyboards,5100,5400,6,INR,A daily keyboard designed with low-profile keys to promote comfortable ergonomic hand positioning. Quiet-click mechanisms prevent disturbing co-workers in public workspace setups.,Quiet-typing keyboard with ergonomic adjustments and splash-resistant construction.,"{""Layout"":""Full size"",""Connection"":""USB wired"",""Switch Type"":""Membrane switches"",""Backlighting"":""None"",""Compatibility"":""Windows and macOS"",""Cable Length"":""1.5 m""}",4.2,60,48,1 year,"[""Office work"",""College""]","[""keyboard"",""silent-keys"",""computer-input"",""office-desktop""]","[""/images/products/keyboards/key-003.webp""]",,,false,2026-07-06T10:00:00.000Z,2026-08-01T10:00:00.000Z
KEY-004,Logitech Typist-Series Keyboard 4,logitech-typist-series-keyboard-4,Logitech,Typist 4,SKU-KEY-004,Keyboards,6300,6600,5,INR,A daily keyboard designed with low-profile keys to promote comfortable ergonomic hand positioning. Quiet-click mechanisms prevent disturbing co-workers in public workspace setups.,Quiet-typing keyboard with ergonomic adjustments and splash-resistant construction.,"{""Layout"":""Full size"",""Connection"":""USB wired"",""Switch Type"":""Membrane switches"",""Backlighting"":""None"",""Compatibility"":""Windows and macOS"",""Cable Length"":""1.5 m""}",4.3,70,48,1 year,"[""Office work"",""College""]","[""keyboard"",""silent-keys"",""computer-input"",""office-desktop""]","[""/images/products/keyboards/key-004.webp""]",,,true,2026-07-06T10:00:00.000Z,2026-08-01T10:00:00.000Z
KEY-005,Razer Typist-Series Keyboard 5,razer-typist-series-keyboard-5,Razer,Typist 5,SKU-KEY-005,Keyboards,7500,7800,4,INR,A daily keyboard designed with low-profile keys to promote comfortable ergonomic hand positioning. Quiet-click mechanisms prevent disturbing co-workers in public workspace setups.,Quiet-typing keyboard with ergonomic adjustments and splash-resistant construction.,"{""Layout"":""Full size"",""Connection"":""USB wired"",""Switch Type"":""Membrane switches"",""Backlighting"":""None"",""Compatibility"":""Windows and macOS"",""Cable Length"":""1.5 m""}",4.5,80,0,1 year,"[""Office work"",""College""]","[""keyboard"",""silent-keys"",""computer-input"",""office-desktop""]","[""/images/products/keyboards/key-005.webp""]",,,false,2026-07-06T10:00:00.000Z,2026-08-01T10:00:00.000Z
KEY-006,Corsair Typist-Series Keyboard 6,corsair-typist-series-keyboard-6,Corsair,Typist 6,SKU-KEY-006,Keyboards,8700,9000,3,INR,A daily keyboard designed with low-profile keys to promote comfortable ergonomic hand positioning. Quiet-click mechanisms prevent disturbing co-workers in public workspace setups.,Quiet-typing keyboard with ergonomic adjustments and splash-resistant construction.,"{""Layout"":""Full size"",""Connection"":""USB wired"",""Switch Type"":""Membrane switches"",""Backlighting"":""None"",""Compatibility"":""Windows and macOS"",""Cable Length"":""1.5 m""}",4.6,90,48,1 year,"[""Office work"",""College""]","[""keyboard"",""silent-keys"",""computer-input"",""office-desktop""]","[""/images/products/keyboards/key-006.webp""]",,,false,2026-07-06T10:00:00.000Z,2026-08-01T10:00:00.000Z
KEY-007,Keychron Typist-Series Keyboard 7,keychron-typist-series-keyboard-7,Keychron,Typist 7,SKU-KEY-007,Keyboards,9900,10200,3,INR,A daily keyboard designed with low-profile keys to promote comfortable ergonomic hand positioning. Quiet-click mechanisms prevent disturbing co-workers in public workspace setups.,Quiet-typing keyboard with ergonomic adjustments and splash-resistant construction.,"{""Layout"":""Full size"",""Connection"":""USB wired"",""Switch Type"":""Membrane switches"",""Backlighting"":""None"",""Compatibility"":""Windows and macOS"",""Cable Length"":""1.5 m""}",4.8,100,48,1 year,"[""Office work"",""College""]","[""keyboard"",""silent-keys"",""computer-input"",""office-desktop""]","[""/images/products/keyboards/key-007.webp""]",,,false,2026-07-06T10:00:00.000Z,2026-08-01T10:00:00.000Z
KEY-008,Logitech Typist-Series Keyboard 8,logitech-typist-series-keyboard-8,Logitech,Typist 8,SKU-KEY-008,Keyboards,11100,11400,3,INR,A daily keyboard designed with low-profile keys to promote comfortable ergonomic hand positioning. Quiet-click mechanisms prevent disturbing co-workers in public workspace setups.,Quiet-typing keyboard with ergonomic adjustments and splash-resistant construction.,"{""Layout"":""Full size"",""Connection"":""USB wired"",""Switch Type"":""Membrane switches"",""Backlighting"":""None"",""Compatibility"":""Windows and macOS"",""Cable Length"":""1.5 m""}",3.7,110,5,1 year,"[""Office work"",""College""]","[""keyboard"",""silent-keys"",""computer-input"",""office-desktop""]","[""/images/products/keyboards/key-008.webp""]",,,false,2026-07-06T10:00:00.000Z,2026-08-01T10:00:00.000Z
MOU-001,PrecisionPointer Ergonomic Mouse,precisionpointer-ergonomic-mouse,Logitech,MX Master 3S,SKU-MOU-001,Mice,9499,10999,14,INR,"An advanced ergonomic mouse featuring high-speed electromagnetic scrolling, an 8000 DPI tracking sensor, and quiet click switches. Built to support multi-device workflows, it can transition across three computing screens seamlessly, reducing forearm muscle strain during prolonged design or programming tasks.","Advanced ergonomic wireless mouse with silent clicks, rapid metal scrolling, and multi-device connection.","{""Sensor DPI"":""8000 DPI (Adjustable)"",""Connectivity"":""Bluetooth / Logi Bolt Wireless"",""Button Count"":""7 Buttons"",""Scroll Wheel"":""MagSpeed Electromagnetic SmartWheel"",""Battery Life"":""Up to 70 days on full charge"",""Weight"":""141 g""}",4.8,220,40,1 year,"[""Office work"",""Graphic design"",""Video editing"",""Programming""]","[""ergonomic-mouse"",""wireless-mouse"",""logitech"",""multi-device-mouse"",""productivity-mouse""]","[""/images/products/mice/mou-001.webp""]","[""Graphite Black"",""Pale Gray""]","[""8K DPI Glass Tracking Sensor"",""MagSpeed Quiet-Scroller Wheel"",""USB-C Quick-Charge Power""]",true,2026-07-01T10:00:00.000Z,2026-08-01T10:00:00.000Z
MOU-002,Corsair PointerForce v2,corsair-pointerforce-v2,Corsair,PointerForce 2,SKU-MOU-002,Mice,2799,3000,7,INR,A standard wireless computer mouse built with optical sensors to provide reliable daily navigation. The compact body fits easily inside laptop bags for travel convenience.,Compact optical wireless mouse designed for general computing tasks and remote study.,"{""Sensor DPI"":""1600 DPI"",""Connectivity"":""2.4 GHz USB Wireless Dongle"",""Button Count"":""3 Buttons"",""Scroll Wheel"":""Standard rubber scroller"",""Battery Life"":""Up to 12 months (AA battery)"",""Weight"":""85 g""}",4,56,55,1 year,"[""Everyday use"",""Office work"",""Travel""]","[""mouse"",""wireless-pointer"",""usb-dongle"",""office-accessories""]","[""/images/products/mice/mou-002.webp""]",,,false,2026-07-06T10:00:00.000Z,2026-08-01T10:00:00.000Z
MOU-003,Logitech PointerForce v3,logitech-pointerforce-v3,Logitech,PointerForce 3,SKU-MOU-003,Mice,3699,3900,5,INR,A standard wireless computer mouse built with optical sensors to provide reliable daily navigation. The compact body fits easily inside laptop bags for travel convenience.,Compact optical wireless mouse designed for general computing tasks and remote study.,"{""Sensor DPI"":""1600 DPI"",""Connectivity"":""2.4 GHz USB Wireless Dongle"",""Button Count"":""3 Buttons"",""Scroll Wheel"":""Standard rubber scroller"",""Battery Life"":""Up to 12 months (AA battery)"",""Weight"":""85 g""}",4.1,64,0,1 year,"[""Everyday use"",""Office work"",""Travel""]","[""mouse"",""wireless-pointer"",""usb-dongle"",""office-accessories""]","[""/images/products/mice/mou-003.webp""]",,,false,2026-07-06T10:00:00.000Z,2026-08-01T10:00:00.000Z
MOU-004,Razer PointerForce v4,razer-pointerforce-v4,Razer,PointerForce 4,SKU-MOU-004,Mice,4599,4800,4,INR,A standard wireless computer mouse built with optical sensors to provide reliable daily navigation. The compact body fits easily inside laptop bags for travel convenience.,Compact optical wireless mouse designed for general computing tasks and remote study.,"{""Sensor DPI"":""1600 DPI"",""Connectivity"":""2.4 GHz USB Wireless Dongle"",""Button Count"":""3 Buttons"",""Scroll Wheel"":""Standard rubber scroller"",""Battery Life"":""Up to 12 months (AA battery)"",""Weight"":""85 g""}",4.3,72,55,1 year,"[""Everyday use"",""Office work"",""Travel""]","[""mouse"",""wireless-pointer"",""usb-dongle"",""office-accessories""]","[""/images/products/mice/mou-004.webp""]",,,false,2026-07-06T10:00:00.000Z,2026-08-01T10:00:00.000Z
MOU-005,Corsair PointerForce v5,corsair-pointerforce-v5,Corsair,PointerForce 5,SKU-MOU-005,Mice,5499,5700,4,INR,A standard wireless computer mouse built with optical sensors to provide reliable daily navigation. The compact body fits easily inside laptop bags for travel convenience.,Compact optical wireless mouse designed for general computing tasks and remote study.,"{""Sensor DPI"":""1600 DPI"",""Connectivity"":""2.4 GHz USB Wireless Dongle"",""Button Count"":""3 Buttons"",""Scroll Wheel"":""Standard rubber scroller"",""Battery Life"":""Up to 12 months (AA battery)"",""Weight"":""85 g""}",4.5,80,55,1 year,"[""Everyday use"",""Office work"",""Travel""]","[""mouse"",""wireless-pointer"",""usb-dongle"",""office-accessories""]","[""/images/products/mice/mou-005.webp""]",,,false,2026-07-06T10:00:00.000Z,2026-08-01T10:00:00.000Z
MOU-006,Logitech PointerForce v6,logitech-pointerforce-v6,Logitech,PointerForce 6,SKU-MOU-006,Mice,6399,6600,3,INR,A standard wireless computer mouse built with optical sensors to provide reliable daily navigation. The compact body fits easily inside laptop bags for travel convenience.,Compact optical wireless mouse designed for general computing tasks and remote study.,"{""Sensor DPI"":""1600 DPI"",""Connectivity"":""2.4 GHz USB Wireless Dongle"",""Button Count"":""3 Buttons"",""Scroll Wheel"":""Standard rubber scroller"",""Battery Life"":""Up to 12 months (AA battery)"",""Weight"":""85 g""}",4.7,88,3,1 year,"[""Everyday use"",""Office work"",""Travel""]","[""mouse"",""wireless-pointer"",""usb-dongle"",""office-accessories""]","[""/images/products/mice/mou-006.webp""]",,,false,2026-07-06T10:00:00.000Z,2026-08-01T10:00:00.000Z
MOU-007,Razer PointerForce v7,razer-pointerforce-v7,Razer,PointerForce 7,SKU-MOU-007,Mice,7299,7500,3,INR,A standard wireless computer mouse built with optical sensors to provide reliable daily navigation. The compact body fits easily inside laptop bags for travel convenience.,Compact optical wireless mouse designed for general computing tasks and remote study.,"{""Sensor DPI"":""1600 DPI"",""Connectivity"":""2.4 GHz USB Wireless Dongle"",""Button Count"":""3 Buttons"",""Scroll Wheel"":""Standard rubber scroller"",""Battery Life"":""Up to 12 months (AA battery)"",""Weight"":""85 g""}",3.6,96,55,1 year,"[""Everyday use"",""Office work"",""Travel""]","[""mouse"",""wireless-pointer"",""usb-dongle"",""office-accessories""]","[""/images/products/mice/mou-007.webp""]",,,false,2026-07-06T10:00:00.000Z,2026-08-01T10:00:00.000Z
AUD-001,LuminaAudio ANC Studio Over-Ear,luminaaudio-anc-studio-over-ear,Sony,LuminaAudio WH-01,SKU-AUD-001,Headphones,24999,29999,17,INR,"Premium active noise-canceling headphones configured for video editors, music producers, and office workers. Integrating high-fidelity audio drivers, it eliminates distracting environment hums, while soft memory foam ear cups ensure comfort during extended usage.","Active noise-canceling wireless headphones with studio sound tuning, high density battery, and fold-flat design.","{""Driver Size"":""40 mm Dynamic Dome"",""Frequency Range"":""4 Hz - 40,000 Hz"",""Noise Canceling"":""Dual Noise Sensor Processor"",""Battery Life"":""Up to 30 hours (ANC On)"",""Codec Support"":""LDAC, AAC, SBC"",""Connectivity"":""Bluetooth 5.2 / 3.5mm Stereo Cable""}",4.8,180,15,1 year,"[""Office work"",""Video editing"",""Travel"",""Everyday use""]","[""noise-cancelling"",""wireless-headphones"",""anc-headphones"",""sony-audio"",""studio-sound""]","[""/images/products/headphones/aud-001.webp""]","[""Midnight Black"",""Platinum Silver""]","[""Industry-leading Active Noise Cancel"",""Hi-Res Audio LDAC Codec Support"",""Speak-to-Chat Automatic Pause""]",true,2026-07-01T10:00:00.000Z,2026-08-01T10:00:00.000Z
AUD-002,Sennheiser SoundPro Plus 2,sennheiser-soundpro-plus-2,Sennheiser,SoundPro 2,SKU-AUD-002,Headphones,6900,7400,7,INR,Highly responsive in-ear wireless earphones delivering deep bass response. The water-resistant construction makes it appropriate for outdoor exercise sessions.,Water-resistant wireless earphones delivering clear spatial sound and long battery life.,"{""Driver Size"":""12 mm"",""Frequency Range"":""20 Hz - 20,000 Hz"",""Noise Canceling"":""Passive isolating seal"",""Battery Life"":""Up to 8 hours playback"",""Codec Support"":""AAC, SBC"",""Connectivity"":""Bluetooth 5.0""}",4.2,53,32,1 year,"[""Everyday use"",""Travel""]","[""headphones"",""earbuds"",""water-resistant"",""bluetooth-audio""]","[""/images/products/headphones/aud-002.webp""]",,,false,2026-07-06T10:00:00.000Z,2026-08-01T10:00:00.000Z
AUD-003,JBL SoundPro Plus 3,jbl-soundpro-plus-3,JBL,SoundPro 3,SKU-AUD-003,Headphones,9100,9600,5,INR,Highly responsive in-ear wireless earphones delivering deep bass response. The water-resistant construction makes it appropriate for outdoor exercise sessions.,Water-resistant wireless earphones delivering clear spatial sound and long battery life.,"{""Driver Size"":""12 mm"",""Frequency Range"":""20 Hz - 20,000 Hz"",""Noise Canceling"":""Passive isolating seal"",""Battery Life"":""Up to 8 hours playback"",""Codec Support"":""AAC, SBC"",""Connectivity"":""Bluetooth 5.0""}",4.3,62,32,1 year,"[""Everyday use"",""Travel""]","[""headphones"",""earbuds"",""water-resistant"",""bluetooth-audio""]","[""/images/products/headphones/aud-003.webp""]",,,true,2026-07-06T10:00:00.000Z,2026-08-01T10:00:00.000Z
AUD-004,Bose SoundPro Plus 4,bose-soundpro-plus-4,Bose,SoundPro 4,SKU-AUD-004,Headphones,11300,11800,4,INR,Highly responsive in-ear wireless earphones delivering deep bass response. The water-resistant construction makes it appropriate for outdoor exercise sessions.,Water-resistant wireless earphones delivering clear spatial sound and long battery life.,"{""Driver Size"":""12 mm"",""Frequency Range"":""20 Hz - 20,000 Hz"",""Noise Canceling"":""Passive isolating seal"",""Battery Life"":""Up to 8 hours playback"",""Codec Support"":""AAC, SBC"",""Connectivity"":""Bluetooth 5.0""}",4.5,71,0,1 year,"[""Everyday use"",""Travel""]","[""headphones"",""earbuds"",""water-resistant"",""bluetooth-audio""]","[""/images/products/headphones/aud-004.webp""]",,,false,2026-07-06T10:00:00.000Z,2026-08-01T10:00:00.000Z
AUD-005,Sennheiser SoundPro Plus 5,sennheiser-soundpro-plus-5,Sennheiser,SoundPro 5,SKU-AUD-005,Headphones,13500,14000,4,INR,Highly responsive in-ear wireless earphones delivering deep bass response. The water-resistant construction makes it appropriate for outdoor exercise sessions.,Water-resistant wireless earphones delivering clear spatial sound and long battery life.,"{""Driver Size"":""12 mm"",""Frequency Range"":""20 Hz - 20,000 Hz"",""Noise Canceling"":""Passive isolating seal"",""Battery Life"":""Up to 8 hours playback"",""Codec Support"":""AAC, SBC"",""Connectivity"":""Bluetooth 5.0""}",4.7,80,2,1 year,"[""Everyday use"",""Travel""]","[""headphones"",""earbuds"",""water-resistant"",""bluetooth-audio""]","[""/images/products/headphones/aud-005.webp""]",,,false,2026-07-06T10:00:00.000Z,2026-08-01T10:00:00.000Z
AUD-006,JBL SoundPro Plus 6,jbl-soundpro-plus-6,JBL,SoundPro 6,SKU-AUD-006,Headphones,15700,16200,3,INR,Highly responsive in-ear wireless earphones delivering deep bass response. The water-resistant construction makes it appropriate for outdoor exercise sessions.,Water-resistant wireless earphones delivering clear spatial sound and long battery life.,"{""Driver Size"":""12 mm"",""Frequency Range"":""20 Hz - 20,000 Hz"",""Noise Canceling"":""Passive isolating seal"",""Battery Life"":""Up to 8 hours playback"",""Codec Support"":""AAC, SBC"",""Connectivity"":""Bluetooth 5.0""}",4.8,89,32,1 year,"[""Everyday use"",""Travel""]","[""headphones"",""earbuds"",""water-resistant"",""bluetooth-audio""]","[""/images/products/headphones/aud-006.webp""]",,,false,2026-07-06T10:00:00.000Z,2026-08-01T10:00:00.000Z
AUD-007,Bose SoundPro Plus 7,bose-soundpro-plus-7,Bose,SoundPro 7,SKU-AUD-007,Headphones,17900,18400,3,INR,Highly responsive in-ear wireless earphones delivering deep bass response. The water-resistant construction makes it appropriate for outdoor exercise sessions.,Water-resistant wireless earphones delivering clear spatial sound and long battery life.,"{""Driver Size"":""12 mm"",""Frequency Range"":""20 Hz - 20,000 Hz"",""Noise Canceling"":""Passive isolating seal"",""Battery Life"":""Up to 8 hours playback"",""Codec Support"":""AAC, SBC"",""Connectivity"":""Bluetooth 5.0""}",3.9,98,32,1 year,"[""Everyday use"",""Travel""]","[""headphones"",""earbuds"",""water-resistant"",""bluetooth-audio""]","[""/images/products/headphones/aud-007.webp""]",,,false,2026-07-06T10:00:00.000Z,2026-08-01T10:00:00.000Z
ACC-001,MultiPort USB-C Hub 8-in-1,multiport-usb-c-hub-8-in-1,Anker,8-in-1 Hub,SKU-ACC-001,Accessories,4999,5999,17,INR,"An essential expansion accessory that transforms a single laptop USB-C port into a dynamic workstation hub. Packing high-definition HDMI video support, USB data connectors, and high-speed memory card reader slots, it fulfills daily connectivity requirements.",Aluminium 8-in-1 USB-C docking hub with HDMI 4K video output and fast power delivery pass-through.,"{""Input Connection"":""USB-C male cable"",""Output Ports"":""1x HDMI 4K, 2x USB-A 3.0, 1x USB-C Power Delivery, 1x SD Slot, 1x MicroSD Slot, 1x Ethernet Port"",""Power Pass-through"":""Up to 100W PD charging input"",""Material"":""Aluminium alloy casing"",""Cable Length"":""15 cm""}",4.5,140,60,6 months,"[""Office work"",""Programming"",""Travel""]","[""usb-c-hub"",""multiport-adapter"",""laptop-accessories"",""anker-power""]","[""/images/products/accessories/acc-001.webp""]","[""Space Grey"",""Anodized Silver""]","[""4K HDMI Video Transmission"",""100W Fast Charging Inset"",""Gigabit Ethernet Connection""]",true,2026-07-01T10:00:00.000Z,2026-08-01T10:00:00.000Z
ACC-002,SanDisk PowerSafe Cable 2m,sandisk-powersafe-cable-2m,SanDisk,PowerSafe 2M,SKU-ACC-002,Accessories,1299,1399,7,INR,"A highly durable nylon-braided connectivity cable designed to handle high data transfer speeds and quick device charging rates. Tested to sustain over 10,000 bends for durability.",Braided fast-charging adapter cable with durable strain-relief collars.,"{""Cable Type"":""USB-C to USB-C"",""Data Speed"":""Up to 480 Mbps"",""Charging Power"":""Supports up to 60W charging"",""Material"":""Double-braided nylon jacket"",""Length"":""2 meters""}",4.1,80,80,6 months,"[""Everyday use"",""Office work"",""Travel""]","[""cable"",""usb-c-cable"",""charging-accessories"",""durable-braid""]","[""/images/products/accessories/acc-002.webp""]",,,false,2026-07-06T10:00:00.000Z,2026-08-01T10:00:00.000Z
ACC-003,Anker PowerSafe Cable 3m,anker-powersafe-cable-3m,Anker,PowerSafe 3M,SKU-ACC-003,Accessories,1599,1699,6,INR,"A highly durable nylon-braided connectivity cable designed to handle high data transfer speeds and quick device charging rates. Tested to sustain over 10,000 bends for durability.",Braided fast-charging adapter cable with durable strain-relief collars.,"{""Cable Type"":""USB-C to USB-C"",""Data Speed"":""Up to 480 Mbps"",""Charging Power"":""Supports up to 60W charging"",""Material"":""Double-braided nylon jacket"",""Length"":""3 meters""}",4.3,95,0,6 months,"[""Everyday use"",""Office work"",""Travel""]","[""cable"",""usb-c-cable"",""charging-accessories"",""durable-braid""]","[""/images/products/accessories/acc-003.webp""]",,,false,2026-07-06T10:00:00.000Z,2026-08-01T10:00:00.000Z
ACC-004,Belkin PowerSafe Cable 4m,belkin-powersafe-cable-4m,Belkin,PowerSafe 4M,SKU-ACC-004,Accessories,1899,1999,5,INR,"A highly durable nylon-braided connectivity cable designed to handle high data transfer speeds and quick device charging rates. Tested to sustain over 10,000 bends for durability.",Braided fast-charging adapter cable with durable strain-relief collars.,"{""Cable Type"":""USB-C to USB-C"",""Data Speed"":""Up to 480 Mbps"",""Charging Power"":""Supports up to 60W charging"",""Material"":""Double-braided nylon jacket"",""Length"":""4 meters""}",4.4,110,80,6 months,"[""Everyday use"",""Office work"",""Travel""]","[""cable"",""usb-c-cable"",""charging-accessories"",""durable-braid""]","[""/images/products/accessories/acc-004.webp""]",,,false,2026-07-06T10:00:00.000Z,2026-08-01T10:00:00.000Z
ACC-005,SanDisk PowerSafe Cable 5m,sandisk-powersafe-cable-5m,SanDisk,PowerSafe 5M,SKU-ACC-005,Accessories,2199,2299,4,INR,"A highly durable nylon-braided connectivity cable designed to handle high data transfer speeds and quick device charging rates. Tested to sustain over 10,000 bends for durability.",Braided fast-charging adapter cable with durable strain-relief collars.,"{""Cable Type"":""USB-C to USB-C"",""Data Speed"":""Up to 480 Mbps"",""Charging Power"":""Supports up to 60W charging"",""Material"":""Double-braided nylon jacket"",""Length"":""5 meters""}",4.6,125,4,6 months,"[""Everyday use"",""Office work"",""Travel""]","[""cable"",""usb-c-cable"",""charging-accessories"",""durable-braid""]","[""/images/products/accessories/acc-005.webp""]",,,false,2026-07-06T10:00:00.000Z,2026-08-01T10:00:00.000Z
ACC-006,Anker PowerSafe Cable 6m,anker-powersafe-cable-6m,Anker,PowerSafe 6M,SKU-ACC-006,Accessories,2499,2599,4,INR,"A highly durable nylon-braided connectivity cable designed to handle high data transfer speeds and quick device charging rates. Tested to sustain over 10,000 bends for durability.",Braided fast-charging adapter cable with durable strain-relief collars.,"{""Cable Type"":""USB-C to USB-C"",""Data Speed"":""Up to 480 Mbps"",""Charging Power"":""Supports up to 60W charging"",""Material"":""Double-braided nylon jacket"",""Length"":""6 meters""}",4.8,140,80,6 months,"[""Everyday use"",""Office work"",""Travel""]","[""cable"",""usb-c-cable"",""charging-accessories"",""durable-braid""]","[""/images/products/accessories/acc-006.webp""]",,,false,2026-07-06T10:00:00.000Z,2026-08-01T10:00:00.000Z
ACC-007,Belkin PowerSafe Cable 7m,belkin-powersafe-cable-7m,Belkin,PowerSafe 7M,SKU-ACC-007,Accessories,2799,2899,3,INR,"A highly durable nylon-braided connectivity cable designed to handle high data transfer speeds and quick device charging rates. Tested to sustain over 10,000 bends for durability.",Braided fast-charging adapter cable with durable strain-relief collars.,"{""Cable Type"":""USB-C to USB-C"",""Data Speed"":""Up to 480 Mbps"",""Charging Power"":""Supports up to 60W charging"",""Material"":""Double-braided nylon jacket"",""Length"":""7 meters""}",3.8,155,80,6 months,"[""Everyday use"",""Office work"",""Travel""]","[""cable"",""usb-c-cable"",""charging-accessories"",""durable-braid""]","[""/images/products/accessories/acc-007.webp""]",,,false,2026-07-06T10:00:00.000Z,2026-08-01T10:00:00.000Z
